origen,destino,peso
A01-00,A01-01,1.2
A01-00,A02-00,5.0
A01-01,A01-02,1.2
A01-01,A01-01-I,1.5
A01-01,A01-01-D,1.5
A01-02,A01-03,1.2
A01-02,A01-02-I,1.5
A01-02,A01-02-D,1.5
A01-03,A01-04,1.2
A01-03,A01-03-I,1.5
A01-03,A01-03-D,1.5
A01-04,A01-05,1.2
A01-04,A01-04-I,1.5
A01-04,A01-04-D,1.5
A01-05,A01-06,1.2
A01-05,A01-05-I,1.5
A01-05,A01-05-D,1.5
A01-06,A01-07,1.2
A01-06,A01-06-I,1.5
A01-06,A01-06-D,1.5
A01-07,A01-08,1.2
A01-07,A01-07-I,1.5
A01-07,A01-07-D,1.5
A01-08,A01-09,1.2
A01-08,A01-08-I,1.5
A01-08,A01-08-D,1.5
A01-09,A01-10,1.2
A01-09,A01-09-I,1.5
A01-09,A01-09-D,1.5
A01-10,A01-11,1.2
A01-10,A01-10-I,1.5
A01-10,A01-10-D,1.5
A01-11,A01-12,1.2
A01-11,A01-11-I,1.5
A01-11,A01-11-D,1.5
A01-12,A01-13,1.2
A01-12,A01-12-I,1.5
A01-12,A01-12-D,1.5
A01-13,A01-14,1.2
A01-13,A01-13-I,1.5
A01-13,A01-13-D,1.5
A01-14,A01-15,1.2
A01-14,A01-14-I,1.5
A01-14,A01-14-D,1.5
A01-15,A01-16,1.2
A01-15,A01-15-I,1.5
A01-15,A01-15-D,1.5
A01-16,A01-17,1.2
A01-16,A01-16-I,1.5
A01-16,A01-16-D,1.5
A01-17,A01-18,1.2
A01-17,A01-17-I,1.5
A01-17,A01-17-D,1.5
A01-18,A01-19,1.2
A01-18,A01-18-I,1.5
A01-18,A01-18-D,1.5
A01-19,A01-20,1.2
A01-19,A01-19-I,1.5
A01-19,A01-19-D,1.5
A01-20,A01-21,1.2
A01-20,A01-20-I,1.5
A01-20,A01-20-D,1.5
A01-21,A01-22,1.2
A01-21,A01-21-I,1.5
A01-21,A01-21-D,1.5
A01-22,A01-23,1.2
A01-22,A01-22-I,1.5
A01-22,A01-22-D,1.5
A01-23,A01-24,1.2
A01-23,A01-23-I,1.5
A01-23,A01-23-D,1.5
A01-24,A01-25,1.2
A01-24,A01-24-I,1.5
A01-24,A01-24-D,1.5
A01-25,A01-26,1.2
A01-25,A01-25-I,1.5
A01-25,A01-25-D,1.5
A01-26,A02-26,5.0
A02-00,A02-01,1.2
A02-00,A03-00,5.0
A02-01,A02-02,1.2
A02-01,A02-01-I,1.5
A02-01,A02-01-D,1.5
A02-02,A02-03,1.2
A02-02,A02-02-I,1.5
A02-02,A02-02-D,1.5
A02-03,A02-04,1.2
A02-03,A02-03-I,1.5
A02-03,A02-03-D,1.5
A02-04,A02-05,1.2
A02-04,A02-04-I,1.5
A02-04,A02-04-D,1.5
A02-05,A02-06,1.2
A02-05,A02-05-I,1.5
A02-05,A02-05-D,1.5
A02-06,A02-07,1.2
A02-06,A02-06-I,1.5
A02-06,A02-06-D,1.5
A02-07,A02-08,1.2
A02-07,A02-07-I,1.5
A02-07,A02-07-D,1.5
A02-08,A02-09,1.2
A02-08,A02-08-I,1.5
A02-08,A02-08-D,1.5
A02-09,A02-10,1.2
A02-09,A02-09-I,1.5
A02-09,A02-09-D,1.5
A02-10,A02-11,1.2
A02-10,A02-10-I,1.5
A02-10,A02-10-D,1.5
A02-11,A02-12,1.2
A02-11,A02-11-I,1.5
A02-11,A02-11-D,1.5
A02-12,A02-13,1.2
A02-12,A02-12-I,1.5
A02-12,A02-12-D,1.5
A02-13,A02-14,1.2
A02-13,A02-13-I,1.5
A02-13,A02-13-D,1.5
A02-14,A02-15,1.2
A02-14,A02-14-I,1.5
A02-14,A02-14-D,1.5
A02-15,A02-16,1.2
A02-15,A02-15-I,1.5
A02-15,A02-15-D,1.5
A02-16,A02-17,1.2
A02-16,A02-16-I,1.5
A02-16,A02-16-D,1.5
A02-17,A02-18,1.2
A02-17,A02-17-I,1.5
A02-17,A02-17-D,1.5
A02-18,A02-19,1.2
A02-18,A02-18-I,1.5
A02-18,A02-18-D,1.5
A02-19,A02-20,1.2
A02-19,A02-19-I,1.5
A02-19,A02-19-D,1.5
A02-20,A02-21,1.2
A02-20,A02-20-I,1.5
A02-20,A02-20-D,1.5
A02-21,A02-22,1.2
A02-21,A02-21-I,1.5
A02-21,A02-21-D,1.5
A02-22,A02-23,1.2
A02-22,A02-22-I,1.5
A02-22,A02-22-D,1.5
A02-23,A02-24,1.2
A02-23,A02-23-I,1.5
A02-23,A02-23-D,1.5
A02-24,A02-25,1.2
A02-24,A02-24-I,1.5
A02-24,A02-24-D,1.5
A02-25,A02-26,1.2
A02-25,A02-25-I,1.5
A02-25,A02-25-D,1.5
A02-26,A03-26,5.0
A03-00,A03-01,1.2
A03-00,A04-00,5.0
A03-01,A03-02,1.2
A03-01,A03-01-I,1.5
A03-01,A03-01-D,1.5
A03-02,A03-03,1.2
A03-02,A03-02-I,1.5
A03-02,A03-02-D,1.5
A03-03,A03-04,1.2
A03-03,A03-03-I,1.5
A03-03,A03-03-D,1.5
A03-04,A03-05,1.2
A03-04,A03-04-I,1.5
A03-04,A03-04-D,1.5
A03-05,A03-06,1.2
A03-05,A03-05-I,1.5
A03-05,A03-05-D,1.5
A03-06,A03-07,1.2
A03-06,A03-06-I,1.5
A03-06,A03-06-D,1.5
A03-07,A03-08,1.2
A03-07,A03-07-I,1.5
A03-07,A03-07-D,1.5
A03-08,A03-09,1.2
A03-08,A03-08-I,1.5
A03-08,A03-08-D,1.5
A03-09,A03-10,1.2
A03-09,A03-09-I,1.5
A03-09,A03-09-D,1.5
A03-10,A03-11,1.2
A03-10,A03-10-I,1.5
A03-10,A03-10-D,1.5
A03-11,A03-12,1.2
A03-11,A03-11-I,1.5
A03-11,A03-11-D,1.5
A03-12,A03-13,1.2
A03-12,A03-12-I,1.5
A03-12,A03-12-D,1.5
A03-13,A03-14,1.2
A03-13,A03-13-I,1.5
A03-13,A03-13-D,1.5
A03-14,A03-15,1.2
A03-14,A03-14-I,1.5
A03-14,A03-14-D,1.5
A03-15,A03-16,1.2
A03-15,A03-15-I,1.5
A03-15,A03-15-D,1.5
A03-16,A03-17,1.2
A03-16,A03-16-I,1.5
A03-16,A03-16-D,1.5
A03-17,A03-18,1.2
A03-17,A03-17-I,1.5
A03-17,A03-17-D,1.5
A03-18,A03-19,1.2
A03-18,A03-18-I,1.5
A03-18,A03-18-D,1.5
A03-19,A03-20,1.2
A03-19,A03-19-I,1.5
A03-19,A03-19-D,1.5
A03-20,A03-21,1.2
A03-20,A03-20-I,1.5
A03-20,A03-20-D,1.5
A03-21,A03-22,1.2
A03-21,A03-21-I,1.5
A03-21,A03-21-D,1.5
A03-22,A03-23,1.2
A03-22,A03-22-I,1.5
A03-22,A03-22-D,1.5
A03-23,A03-24,1.2
A03-23,A03-23-I,1.5
A03-23,A03-23-D,1.5
A03-24,A03-25,1.2
A03-24,A03-24-I,1.5
A03-24,A03-24-D,1.5
A03-25,A03-26,1.2
A03-25,A03-25-I,1.5
A03-25,A03-25-D,1.5
A03-26,A04-26,5.0
A04-00,A04-01,1.2
A04-00,A05-00,5.0
A04-01,A04-02,1.2
A04-01,A04-01-I,1.5
A04-01,A04-01-D,1.5
A04-02,A04-03,1.2
A04-02,A04-02-I,1.5
A04-02,A04-02-D,1.5
A04-03,A04-04,1.2
A04-03,A04-03-I,1.5
A04-03,A04-03-D,1.5
A04-04,A04-05,1.2
A04-04,A04-04-I,1.5
A04-04,A04-04-D,1.5
A04-05,A04-06,1.2
A04-05,A04-05-I,1.5
A04-05,A04-05-D,1.5
A04-06,A04-07,1.2
A04-06,A04-06-I,1.5
A04-06,A04-06-D,1.5
A04-07,A04-08,1.2
A04-07,A04-07-I,1.5
A04-07,A04-07-D,1.5
A04-08,A04-09,1.2
A04-08,A04-08-I,1.5
A04-08,A04-08-D,1.5
A04-09,A04-10,1.2
A04-09,A04-09-I,1.5
A04-09,A04-09-D,1.5
A04-10,A04-11,1.2
A04-10,A04-10-I,1.5
A04-10,A04-10-D,1.5
A04-11,A04-12,1.2
A04-11,A04-11-I,1.5
A04-11,A04-11-D,1.5
A04-12,A04-13,1.2
A04-12,A04-12-I,1.5
A04-12,A04-12-D,1.5
A04-13,A04-14,1.2
A04-13,A04-13-I,1.5
A04-13,A04-13-D,1.5
A04-14,A04-15,1.2
A04-14,A04-14-I,1.5
A04-14,A04-14-D,1.5
A04-15,A04-16,1.2
A04-15,A04-15-I,1.5
A04-15,A04-15-D,1.5
A04-16,A04-17,1.2
A04-16,A04-16-I,1.5
A04-16,A04-16-D,1.5
A04-17,A04-18,1.2
A04-17,A04-17-I,1.5
A04-17,A04-17-D,1.5
A04-18,A04-19,1.2
A04-18,A04-18-I,1.5
A04-18,A04-18-D,1.5
A04-19,A04-20,1.2
A04-19,A04-19-I,1.5
A04-19,A04-19-D,1.5
A04-20,A04-21,1.2
A04-20,A04-20-I,1.5
A04-20,A04-20-D,1.5
A04-21,A04-22,1.2
A04-21,A04-21-I,1.5
A04-21,A04-21-D,1.5
A04-22,A04-23,1.2
A04-22,A04-22-I,1.5
A04-22,A04-22-D,1.5
A04-23,A04-24,1.2
A04-23,A04-23-I,1.5
A04-23,A04-23-D,1.5
A04-24,A04-25,1.2
A04-24,A04-24-I,1.5
A04-24,A04-24-D,1.5
A04-25,A04-26,1.2
A04-25,A04-25-I,1.5
A04-25,A04-25-D,1.5
A04-26,A05-26,5.0
A05-00,A05-01,1.2
A05-00,A06-00,5.0
A05-01,A05-02,1.2
A05-01,A05-01-I,1.5
A05-01,A05-01-D,1.5
A05-02,A05-03,1.2
A05-02,A05-02-I,1.5
A05-02,A05-02-D,1.5
A05-03,A05-04,1.2
A05-03,A05-03-I,1.5
A05-03,A05-03-D,1.5
A05-04,A05-05,1.2
A05-04,A05-04-I,1.5
A05-04,A05-04-D,1.5
A05-05,A05-06,1.2
A05-05,A05-05-I,1.5
A05-05,A05-05-D,1.5
A05-06,A05-07,1.2
A05-06,A05-06-I,1.5
A05-06,A05-06-D,1.5
A05-07,A05-08,1.2
A05-07,A05-07-I,1.5
A05-07,A05-07-D,1.5
A05-08,A05-09,1.2
A05-08,A05-08-I,1.5
A05-08,A05-08-D,1.5
A05-09,A05-10,1.2
A05-09,A05-09-I,1.5
A05-09,A05-09-D,1.5
A05-10,A05-11,1.2
A05-10,A05-10-I,1.5
A05-10,A05-10-D,1.5
A05-11,A05-12,1.2
A05-11,A05-11-I,1.5
A05-11,A05-11-D,1.5
A05-12,A05-13,1.2
A05-12,A05-12-I,1.5
A05-12,A05-12-D,1.5
A05-13,A05-14,1.2
A05-13,A05-13-I,1.5
A05-13,A05-13-D,1.5
A05-14,A05-15,1.2
A05-14,A05-14-I,1.5
A05-14,A05-14-D,1.5
A05-15,A05-16,1.2
A05-15,A05-15-I,1.5
A05-15,A05-15-D,1.5
A05-16,A05-17,1.2
A05-16,A05-16-I,1.5
A05-16,A05-16-D,1.5
A05-17,A05-18,1.2
A05-17,A05-17-I,1.5
A05-17,A05-17-D,1.5
A05-18,A05-19,1.2
A05-18,A05-18-I,1.5
A05-18,A05-18-D,1.5
A05-19,A05-20,1.2
A05-19,A05-19-I,1.5
A05-19,A05-19-D,1.5
A05-20,A05-21,1.2
A05-20,A05-20-I,1.5
A05-20,A05-20-D,1.5
A05-21,A05-22,1.2
A05-21,A05-21-I,1.5
A05-21,A05-21-D,1.5
A05-22,A05-23,1.2
A05-22,A05-22-I,1.5
A05-22,A05-22-D,1.5
A05-23,A05-24,1.2
A05-23,A05-23-I,1.5
A05-23,A05-23-D,1.5
A05-24,A05-25,1.2
A05-24,A05-24-I,1.5
A05-24,A05-24-D,1.5
A05-25,A05-26,1.2
A05-25,A05-25-I,1.5
A05-25,A05-25-D,1.5
A05-26,A06-26,5.0
A06-00,A06-01,1.2
A06-00,A07-00,5.0
A06-01,A06-02,1.2
A06-01,A06-01-I,1.5
A06-01,A06-01-D,1.5
A06-02,A06-03,1.2
A06-02,A06-02-I,1.5
A06-02,A06-02-D,1.5
A06-03,A06-04,1.2
A06-03,A06-03-I,1.5
A06-03,A06-03-D,1.5
A06-04,A06-05,1.2
A06-04,A06-04-I,1.5
A06-04,A06-04-D,1.5
A06-05,A06-06,1.2
A06-05,A06-05-I,1.5
A06-05,A06-05-D,1.5
A06-06,A06-07,1.2
A06-06,A06-06-I,1.5
A06-06,A06-06-D,1.5
A06-07,A06-08,1.2
A06-07,A06-07-I,1.5
A06-07,A06-07-D,1.5
A06-08,A06-09,1.2
A06-08,A06-08-I,1.5
A06-08,A06-08-D,1.5
A06-09,A06-10,1.2
A06-09,A06-09-I,1.5
A06-09,A06-09-D,1.5
A06-10,A06-11,1.2
A06-10,A06-10-I,1.5
A06-10,A06-10-D,1.5
A06-11,A06-12,1.2
A06-11,A06-11-I,1.5
A06-11,A06-11-D,1.5
A06-12,A06-13,1.2
A06-12,A06-12-I,1.5
A06-12,A06-12-D,1.5
A06-13,A06-14,1.2
A06-13,A06-13-I,1.5
A06-13,A06-13-D,1.5
A06-14,A06-15,1.2
A06-14,A06-14-I,1.5
A06-14,A06-14-D,1.5
A06-15,A06-16,1.2
A06-15,A06-15-I,1.5
A06-15,A06-15-D,1.5
A06-16,A06-17,1.2
A06-16,A06-16-I,1.5
A06-16,A06-16-D,1.5
A06-17,A06-18,1.2
A06-17,A06-17-I,1.5
A06-17,A06-17-D,1.5
A06-18,A06-19,1.2
A06-18,A06-18-I,1.5
A06-18,A06-18-D,1.5
A06-19,A06-20,1.2
A06-19,A06-19-I,1.5
A06-19,A06-19-D,1.5
A06-20,A06-21,1.2
A06-20,A06-20-I,1.5
A06-20,A06-20-D,1.5
A06-21,A06-22,1.2
A06-21,A06-21-I,1.5
A06-21,A06-21-D,1.5
A06-22,A06-23,1.2
A06-22,A06-22-I,1.5
A06-22,A06-22-D,1.5
A06-23,A06-24,1.2
A06-23,A06-23-I,1.5
A06-23,A06-23-D,1.5
A06-24,A06-25,1.2
A06-24,A06-24-I,1.5
A06-24,A06-24-D,1.5
A06-25,A06-26,1.2
A06-25,A06-25-I,1.5
A06-25,A06-25-D,1.5
A06-26,A07-26,5.0
A07-00,A07-01,1.2
A07-00,A08-00,5.0
A07-01,A07-02,1.2
A07-01,A07-01-I,1.5
A07-01,A07-01-D,1.5
A07-02,A07-03,1.2
A07-02,A07-02-I,1.5
A07-02,A07-02-D,1.5
A07-03,A07-04,1.2
A07-03,A07-03-I,1.5
A07-03,A07-03-D,1.5
A07-04,A07-05,1.2
A07-04,A07-04-I,1.5
A07-04,A07-04-D,1.5
A07-05,A07-06,1.2
A07-05,A07-05-I,1.5
A07-05,A07-05-D,1.5
A07-06,A07-07,1.2
A07-06,A07-06-I,1.5
A07-06,A07-06-D,1.5
A07-07,A07-08,1.2
A07-07,A07-07-I,1.5
A07-07,A07-07-D,1.5
A07-08,A07-09,1.2
A07-08,A07-08-I,1.5
A07-08,A07-08-D,1.5
A07-09,A07-10,1.2
A07-09,A07-09-I,1.5
A07-09,A07-09-D,1.5
A07-10,A07-11,1.2
A07-10,A07-10-I,1.5
A07-10,A07-10-D,1.5
A07-11,A07-12,1.2
A07-11,A07-11-I,1.5
A07-11,A07-11-D,1.5
A07-12,A07-13,1.2
A07-12,A07-12-I,1.5
A07-12,A07-12-D,1.5
A07-13,A07-14,1.2
A07-13,A07-13-I,1.5
A07-13,A07-13-D,1.5
A07-14,A07-15,1.2
A07-14,A07-14-I,1.5
A07-14,A07-14-D,1.5
A07-15,A07-16,1.2
A07-15,A07-15-I,1.5
A07-15,A07-15-D,1.5
A07-16,A07-17,1.2
A07-16,A07-16-I,1.5
A07-16,A07-16-D,1.5
A07-17,A07-18,1.2
A07-17,A07-17-I,1.5
A07-17,A07-17-D,1.5
A07-18,A07-19,1.2
A07-18,A07-18-I,1.5
A07-18,A07-18-D,1.5
A07-19,A07-20,1.2
A07-19,A07-19-I,1.5
A07-19,A07-19-D,1.5
A07-20,A07-21,1.2
A07-20,A07-20-I,1.5
A07-20,A07-20-D,1.5
A07-21,A07-22,1.2
A07-21,A07-21-I,1.5
A07-21,A07-21-D,1.5
A07-22,A07-23,1.2
A07-22,A07-22-I,1.5
A07-22,A07-22-D,1.5
A07-23,A07-24,1.2
A07-23,A07-23-I,1.5
A07-23,A07-23-D,1.5
A07-24,A07-25,1.2
A07-24,A07-24-I,1.5
A07-24,A07-24-D,1.5
A07-25,A07-26,1.2
A07-25,A07-25-I,1.5
A07-25,A07-25-D,1.5
A07-26,A08-26,5.0
A08-00,A08-01,1.2
A08-00,A09-00,5.0
A08-01,A08-02,1.2
A08-01,A08-01-I,1.5
A08-01,A08-01-D,1.5
A08-02,A08-03,1.2
A08-02,A08-02-I,1.5
A08-02,A08-02-D,1.5
A08-03,A08-04,1.2
A08-03,A08-03-I,1.5
A08-03,A08-03-D,1.5
A08-04,A08-05,1.2
A08-04,A08-04-I,1.5
A08-04,A08-04-D,1.5
A08-05,A08-06,1.2
A08-05,A08-05-I,1.5
A08-05,A08-05-D,1.5
A08-06,A08-07,1.2
A08-06,A08-06-I,1.5
A08-06,A08-06-D,1.5
A08-07,A08-08,1.2
A08-07,A08-07-I,1.5
A08-07,A08-07-D,1.5
A08-08,A08-09,1.2
A08-08,A08-08-I,1.5
A08-08,A08-08-D,1.5
A08-09,A08-10,1.2
A08-09,A08-09-I,1.5
A08-09,A08-09-D,1.5
A08-10,A08-11,1.2
A08-10,A08-10-I,1.5
A08-10,A08-10-D,1.5
A08-11,A08-12,1.2
A08-11,A08-11-I,1.5
A08-11,A08-11-D,1.5
A08-12,A08-13,1.2
A08-12,A08-12-I,1.5
A08-12,A08-12-D,1.5
A08-13,A08-14,1.2
A08-13,A08-13-I,1.5
A08-13,A08-13-D,1.5
A08-14,A08-15,1.2
A08-14,A08-14-I,1.5
A08-14,A08-14-D,1.5
A08-15,A08-16,1.2
A08-15,A08-15-I,1.5
A08-15,A08-15-D,1.5
A08-16,A08-17,1.2
A08-16,A08-16-I,1.5
A08-16,A08-16-D,1.5
A08-17,A08-18,1.2
A08-17,A08-17-I,1.5
A08-17,A08-17-D,1.5
A08-18,A08-19,1.2
A08-18,A08-18-I,1.5
A08-18,A08-18-D,1.5
A08-19,A08-20,1.2
A08-19,A08-19-I,1.5
A08-19,A08-19-D,1.5
A08-20,A08-21,1.2
A08-20,A08-20-I,1.5
A08-20,A08-20-D,1.5
A08-21,A08-22,1.2
A08-21,A08-21-I,1.5
A08-21,A08-21-D,1.5
A08-22,A08-23,1.2
A08-22,A08-22-I,1.5
A08-22,A08-22-D,1.5
A08-23,A08-24,1.2
A08-23,A08-23-I,1.5
A08-23,A08-23-D,1.5
A08-24,A08-25,1.2
A08-24,A08-24-I,1.5
A08-24,A08-24-D,1.5
A08-25,A08-26,1.2
A08-25,A08-25-I,1.5
A08-25,A08-25-D,1.5
A08-26,A09-26,5.0
A09-00,A09-01,1.2
A09-00,A10-00,5.0
A09-01,A09-02,1.2
A09-01,A09-01-I,1.5
A09-01,A09-01-D,1.5
A09-02,A09-03,1.2
A09-02,A09-02-I,1.5
A09-02,A09-02-D,1.5
A09-03,A09-04,1.2
A09-03,A09-03-I,1.5
A09-03,A09-03-D,1.5
A09-04,A09-05,1.2
A09-04,A09-04-I,1.5
A09-04,A09-04-D,1.5
A09-05,A09-06,1.2
A09-05,A09-05-I,1.5
A09-05,A09-05-D,1.5
A09-06,A09-07,1.2
A09-06,A09-06-I,1.5
A09-06,A09-06-D,1.5
A09-07,A09-08,1.2
A09-07,A09-07-I,1.5
A09-07,A09-07-D,1.5
A09-08,A09-09,1.2
A09-08,A09-08-I,1.5
A09-08,A09-08-D,1.5
A09-09,A09-10,1.2
A09-09,A09-09-I,1.5
A09-09,A09-09-D,1.5
A09-10,A09-11,1.2
A09-10,A09-10-I,1.5
A09-10,A09-10-D,1.5
A09-11,A09-12,1.2
A09-11,A09-11-I,1.5
A09-11,A09-11-D,1.5
A09-12,A09-13,1.2
A09-12,A09-12-I,1.5
A09-12,A09-12-D,1.5
A09-13,A09-14,1.2
A09-13,A09-13-I,1.5
A09-13,A09-13-D,1.5
A09-14,A09-15,1.2
A09-14,A09-14-I,1.5
A09-14,A09-14-D,1.5
A09-15,A09-16,1.2
A09-15,A09-15-I,1.5
A09-15,A09-15-D,1.5
A09-16,A09-17,1.2
A09-16,A09-16-I,1.5
A09-16,A09-16-D,1.5
A09-17,A09-18,1.2
A09-17,A09-17-I,1.5
A09-17,A09-17-D,1.5
A09-18,A09-19,1.2
A09-18,A09-18-I,1.5
A09-18,A09-18-D,1.5
A09-19,A09-20,1.2
A09-19,A09-19-I,1.5
A09-19,A09-19-D,1.5
A09-20,A09-21,1.2
A09-20,A09-20-I,1.5
A09-20,A09-20-D,1.5
A09-21,A09-22,1.2
A09-21,A09-21-I,1.5
A09-21,A09-21-D,1.5
A09-22,A09-23,1.2
A09-22,A09-22-I,1.5
A09-22,A09-22-D,1.5
A09-23,A09-24,1.2
A09-23,A09-23-I,1.5
A09-23,A09-23-D,1.5
A09-24,A09-25,1.2
A09-24,A09-24-I,1.5
A09-24,A09-24-D,1.5
A09-25,A09-26,1.2
A09-25,A09-25-I,1.5
A09-25,A09-25-D,1.5
A09-26,A10-26,5.0
A10-00,A10-01,1.2
A10-00,B01-00,5.0
A10-01,A10-02,1.2
A10-01,A10-01-I,1.5
A10-01,A10-01-D,1.5
A10-02,A10-03,1.2
A10-02,A10-02-I,1.5
A10-02,A10-02-D,1.5
A10-03,A10-04,1.2
A10-03,A10-03-I,1.5
A10-03,A10-03-D,1.5
A10-04,A10-05,1.2
A10-04,A10-04-I,1.5
A10-04,A10-04-D,1.5
A10-05,A10-06,1.2
A10-05,A10-05-I,1.5
A10-05,A10-05-D,1.5
A10-06,A10-07,1.2
A10-06,A10-06-I,1.5
A10-06,A10-06-D,1.5
A10-07,A10-08,1.2
A10-07,A10-07-I,1.5
A10-07,A10-07-D,1.5
A10-08,A10-09,1.2
A10-08,A10-08-I,1.5
A10-08,A10-08-D,1.5
A10-09,A10-10,1.2
A10-09,A10-09-I,1.5
A10-09,A10-09-D,1.5
A10-10,A10-11,1.2
A10-10,A10-10-I,1.5
A10-10,A10-10-D,1.5
A10-11,A10-12,1.2
A10-11,A10-11-I,1.5
A10-11,A10-11-D,1.5
A10-12,A10-13,1.2
A10-12,A10-12-I,1.5
A10-12,A10-12-D,1.5
A10-13,A10-14,1.2
A10-13,A10-13-I,1.5
A10-13,A10-13-D,1.5
A10-14,A10-15,1.2
A10-14,A10-14-I,1.5
A10-14,A10-14-D,1.5
A10-15,A10-16,1.2
A10-15,A10-15-I,1.5
A10-15,A10-15-D,1.5
A10-16,A10-17,1.2
A10-16,A10-16-I,1.5
A10-16,A10-16-D,1.5
A10-17,A10-18,1.2
A10-17,A10-17-I,1.5
A10-17,A10-17-D,1.5
A10-18,A10-19,1.2
A10-18,A10-18-I,1.5
A10-18,A10-18-D,1.5
A10-19,A10-20,1.2
A10-19,A10-19-I,1.5
A10-19,A10-19-D,1.5
A10-20,A10-21,1.2
A10-20,A10-20-I,1.5
A10-20,A10-20-D,1.5
A10-21,A10-22,1.2
A10-21,A10-21-I,1.5
A10-21,A10-21-D,1.5
A10-22,A10-23,1.2
A10-22,A10-22-I,1.5
A10-22,A10-22-D,1.5
A10-23,A10-24,1.2
A10-23,A10-23-I,1.5
A10-23,A10-23-D,1.5
A10-24,A10-25,1.2
A10-24,A10-24-I,1.5
A10-24,A10-24-D,1.5
A10-25,A10-26,1.2
A10-25,A10-25-I,1.5
A10-25,A10-25-D,1.5
A10-26,B01-26,5.0
B01-00,B01-01,1.2
B01-00,B02-00,5.0
B01-01,B01-02,1.2
B01-01,B01-01-I,1.5
B01-01,B01-01-D,1.5
B01-02,B01-03,1.2
B01-02,B01-02-I,1.5
B01-02,B01-02-D,1.5
B01-03,B01-04,1.2
B01-03,B01-03-I,1.5
B01-03,B01-03-D,1.5
B01-04,B01-05,1.2
B01-04,B01-04-I,1.5
B01-04,B01-04-D,1.5
B01-05,B01-06,1.2
B01-05,B01-05-I,1.5
B01-05,B01-05-D,1.5
B01-06,B01-07,1.2
B01-06,B01-06-I,1.5
B01-06,B01-06-D,1.5
B01-07,B01-08,1.2
B01-07,B01-07-I,1.5
B01-07,B01-07-D,1.5
B01-08,B01-09,1.2
B01-08,B01-08-I,1.5
B01-08,B01-08-D,1.5
B01-09,B01-10,1.2
B01-09,B01-09-I,1.5
B01-09,B01-09-D,1.5
B01-10,B01-11,1.2
B01-10,B01-10-I,1.5
B01-10,B01-10-D,1.5
B01-11,B01-12,1.2
B01-11,B01-11-I,1.5
B01-11,B01-11-D,1.5
B01-12,B01-13,1.2
B01-12,B01-12-I,1.5
B01-12,B01-12-D,1.5
B01-13,B01-14,1.2
B01-13,B01-13-I,1.5
B01-13,B01-13-D,1.5
B01-14,B01-15,1.2
B01-14,B01-14-I,1.5
B01-14,B01-14-D,1.5
B01-15,B01-16,1.2
B01-15,B01-15-I,1.5
B01-15,B01-15-D,1.5
B01-16,B01-17,1.2
B01-16,B01-16-I,1.5
B01-16,B01-16-D,1.5
B01-17,B01-18,1.2
B01-17,B01-17-I,1.5
B01-17,B01-17-D,1.5
B01-18,B01-19,1.2
B01-18,B01-18-I,1.5
B01-18,B01-18-D,1.5
B01-19,B01-20,1.2
B01-19,B01-19-I,1.5
B01-19,B01-19-D,1.5
B01-20,B01-21,1.2
B01-20,B01-20-I,1.5
B01-20,B01-20-D,1.5
B01-21,B01-22,1.2
B01-21,B01-21-I,1.5
B01-21,B01-21-D,1.5
B01-22,B01-23,1.2
B01-22,B01-22-I,1.5
B01-22,B01-22-D,1.5
B01-23,B01-24,1.2
B01-23,B01-23-I,1.5
B01-23,B01-23-D,1.5
B01-24,B01-25,1.2
B01-24,B01-24-I,1.5
B01-24,B01-24-D,1.5
B01-25,B01-26,1.2
B01-25,B01-25-I,1.5
B01-25,B01-25-D,1.5
B01-26,B02-26,5.0
B02-00,B02-01,1.2
B02-00,B03-00,5.0
B02-01,B02-02,1.2
B02-01,B02-01-I,1.5
B02-01,B02-01-D,1.5
B02-02,B02-03,1.2
B02-02,B02-02-I,1.5
B02-02,B02-02-D,1.5
B02-03,B02-04,1.2
B02-03,B02-03-I,1.5
B02-03,B02-03-D,1.5
B02-04,B02-05,1.2
B02-04,B02-04-I,1.5
B02-04,B02-04-D,1.5
B02-05,B02-06,1.2
B02-05,B02-05-I,1.5
B02-05,B02-05-D,1.5
B02-06,B02-07,1.2
B02-06,B02-06-I,1.5
B02-06,B02-06-D,1.5
B02-07,B02-08,1.2
B02-07,B02-07-I,1.5
B02-07,B02-07-D,1.5
B02-08,B02-09,1.2
B02-08,B02-08-I,1.5
B02-08,B02-08-D,1.5
B02-09,B02-10,1.2
B02-09,B02-09-I,1.5
B02-09,B02-09-D,1.5
B02-10,B02-11,1.2
B02-10,B02-10-I,1.5
B02-10,B02-10-D,1.5
B02-11,B02-12,1.2
B02-11,B02-11-I,1.5
B02-11,B02-11-D,1.5
B02-12,B02-13,1.2
B02-12,B02-12-I,1.5
B02-12,B02-12-D,1.5
B02-13,B02-14,1.2
B02-13,B02-13-I,1.5
B02-13,B02-13-D,1.5
B02-14,B02-15,1.2
B02-14,B02-14-I,1.5
B02-14,B02-14-D,1.5
B02-15,B02-16,1.2
B02-15,B02-15-I,1.5
B02-15,B02-15-D,1.5
B02-16,B02-17,1.2
B02-16,B02-16-I,1.5
B02-16,B02-16-D,1.5
B02-17,B02-18,1.2
B02-17,B02-17-I,1.5
B02-17,B02-17-D,1.5
B02-18,B02-19,1.2
B02-18,B02-18-I,1.5
B02-18,B02-18-D,1.5
B02-19,B02-20,1.2
B02-19,B02-19-I,1.5
B02-19,B02-19-D,1.5
B02-20,B02-21,1.2
B02-20,B02-20-I,1.5
B02-20,B02-20-D,1.5
B02-21,B02-22,1.2
B02-21,B02-21-I,1.5
B02-21,B02-21-D,1.5
B02-22,B02-23,1.2
B02-22,B02-22-I,1.5
B02-22,B02-22-D,1.5
B02-23,B02-24,1.2
B02-23,B02-23-I,1.5
B02-23,B02-23-D,1.5
B02-24,B02-25,1.2
B02-24,B02-24-I,1.5
B02-24,B02-24-D,1.5
B02-25,B02-26,1.2
B02-25,B02-25-I,1.5
B02-25,B02-25-D,1.5
B02-26,B03-26,5.0
B03-00,B03-01,1.2
B03-00,B04-00,5.0
B03-01,B03-02,1.2
B03-01,B03-01-I,1.5
B03-01,B03-01-D,1.5
B03-02,B03-03,1.2
B03-02,B03-02-I,1.5
B03-02,B03-02-D,1.5
B03-03,B03-04,1.2
B03-03,B03-03-I,1.5
B03-03,B03-03-D,1.5
B03-04,B03-05,1.2
B03-04,B03-04-I,1.5
B03-04,B03-04-D,1.5
B03-05,B03-06,1.2
B03-05,B03-05-I,1.5
B03-05,B03-05-D,1.5
B03-06,B03-07,1.2
B03-06,B03-06-I,1.5
B03-06,B03-06-D,1.5
B03-07,B03-08,1.2
B03-07,B03-07-I,1.5
B03-07,B03-07-D,1.5
B03-08,B03-09,1.2
B03-08,B03-08-I,1.5
B03-08,B03-08-D,1.5
B03-09,B03-10,1.2
B03-09,B03-09-I,1.5
B03-09,B03-09-D,1.5
B03-10,B03-11,1.2
B03-10,B03-10-I,1.5
B03-10,B03-10-D,1.5
B03-11,B03-12,1.2
B03-11,B03-11-I,1.5
B03-11,B03-11-D,1.5
B03-12,B03-13,1.2
B03-12,B03-12-I,1.5
B03-12,B03-12-D,1.5
B03-13,B03-14,1.2
B03-13,B03-13-I,1.5
B03-13,B03-13-D,1.5
B03-14,B03-15,1.2
B03-14,B03-14-I,1.5
B03-14,B03-14-D,1.5
B03-15,B03-16,1.2
B03-15,B03-15-I,1.5
B03-15,B03-15-D,1.5
B03-16,B03-17,1.2
B03-16,B03-16-I,1.5
B03-16,B03-16-D,1.5
B03-17,B03-18,1.2
B03-17,B03-17-I,1.5
B03-17,B03-17-D,1.5
B03-18,B03-19,1.2
B03-18,B03-18-I,1.5
B03-18,B03-18-D,1.5
B03-19,B03-20,1.2
B03-19,B03-19-I,1.5
B03-19,B03-19-D,1.5
B03-20,B03-21,1.2
B03-20,B03-20-I,1.5
B03-20,B03-20-D,1.5
B03-21,B03-22,1.2
B03-21,B03-21-I,1.5
B03-21,B03-21-D,1.5
B03-22,B03-23,1.2
B03-22,B03-22-I,1.5
B03-22,B03-22-D,1.5
B03-23,B03-24,1.2
B03-23,B03-23-I,1.5
B03-23,B03-23-D,1.5
B03-24,B03-25,1.2
B03-24,B03-24-I,1.5
B03-24,B03-24-D,1.5
B03-25,B03-26,1.2
B03-25,B03-25-I,1.5
B03-25,B03-25-D,1.5
B03-26,B04-26,5.0
B04-00,B04-01,1.2
B04-00,B05-00,5.0
B04-01,B04-02,1.2
B04-01,B04-01-I,1.5
B04-01,B04-01-D,1.5
B04-02,B04-03,1.2
B04-02,B04-02-I,1.5
B04-02,B04-02-D,1.5
B04-03,B04-04,1.2
B04-03,B04-03-I,1.5
B04-03,B04-03-D,1.5
B04-04,B04-05,1.2
B04-04,B04-04-I,1.5
B04-04,B04-04-D,1.5
B04-05,B04-06,1.2
B04-05,B04-05-I,1.5
B04-05,B04-05-D,1.5
B04-06,B04-07,1.2
B04-06,B04-06-I,1.5
B04-06,B04-06-D,1.5
B04-07,B04-08,1.2
B04-07,B04-07-I,1.5
B04-07,B04-07-D,1.5
B04-08,B04-09,1.2
B04-08,B04-08-I,1.5
B04-08,B04-08-D,1.5
B04-09,B04-10,1.2
B04-09,B04-09-I,1.5
B04-09,B04-09-D,1.5
B04-10,B04-11,1.2
B04-10,B04-10-I,1.5
B04-10,B04-10-D,1.5
B04-11,B04-12,1.2
B04-11,B04-11-I,1.5
B04-11,B04-11-D,1.5
B04-12,B04-13,1.2
B04-12,B04-12-I,1.5
B04-12,B04-12-D,1.5
B04-13,B04-14,1.2
B04-13,B04-13-I,1.5
B04-13,B04-13-D,1.5
B04-14,B04-15,1.2
B04-14,B04-14-I,1.5
B04-14,B04-14-D,1.5
B04-15,B04-16,1.2
B04-15,B04-15-I,1.5
B04-15,B04-15-D,1.5
B04-16,B04-17,1.2
B04-16,B04-16-I,1.5
B04-16,B04-16-D,1.5
B04-17,B04-18,1.2
B04-17,B04-17-I,1.5
B04-17,B04-17-D,1.5
B04-18,B04-19,1.2
B04-18,B04-18-I,1.5
B04-18,B04-18-D,1.5
B04-19,B04-20,1.2
B04-19,B04-19-I,1.5
B04-19,B04-19-D,1.5
B04-20,B04-21,1.2
B04-20,B04-20-I,1.5
B04-20,B04-20-D,1.5
B04-21,B04-22,1.2
B04-21,B04-21-I,1.5
B04-21,B04-21-D,1.5
B04-22,B04-23,1.2
B04-22,B04-22-I,1.5
B04-22,B04-22-D,1.5
B04-23,B04-24,1.2
B04-23,B04-23-I,1.5
B04-23,B04-23-D,1.5
B04-24,B04-25,1.2
B04-24,B04-24-I,1.5
B04-24,B04-24-D,1.5
B04-25,B04-26,1.2
B04-25,B04-25-I,1.5
B04-25,B04-25-D,1.5
B04-26,B05-26,5.0
B05-00,B05-01,1.2
B05-00,B06-00,5.0
B05-01,B05-02,1.2
B05-01,B05-01-I,1.5
B05-01,B05-01-D,1.5
B05-02,B05-03,1.2
B05-02,B05-02-I,1.5
B05-02,B05-02-D,1.5
B05-03,B05-04,1.2
B05-03,B05-03-I,1.5
B05-03,B05-03-D,1.5
B05-04,B05-05,1.2
B05-04,B05-04-I,1.5
B05-04,B05-04-D,1.5
B05-05,B05-06,1.2
B05-05,B05-05-I,1.5
B05-05,B05-05-D,1.5
B05-06,B05-07,1.2
B05-06,B05-06-I,1.5
B05-06,B05-06-D,1.5
B05-07,B05-08,1.2
B05-07,B05-07-I,1.5
B05-07,B05-07-D,1.5
B05-08,B05-09,1.2
B05-08,B05-08-I,1.5
B05-08,B05-08-D,1.5
B05-09,B05-10,1.2
B05-09,B05-09-I,1.5
B05-09,B05-09-D,1.5
B05-10,B05-11,1.2
B05-10,B05-10-I,1.5
B05-10,B05-10-D,1.5
B05-11,B05-12,1.2
B05-11,B05-11-I,1.5
B05-11,B05-11-D,1.5
B05-12,B05-13,1.2
B05-12,B05-12-I,1.5
B05-12,B05-12-D,1.5
B05-13,B05-14,1.2
B05-13,B05-13-I,1.5
B05-13,B05-13-D,1.5
B05-14,B05-15,1.2
B05-14,B05-14-I,1.5
B05-14,B05-14-D,1.5
B05-15,B05-16,1.2
B05-15,B05-15-I,1.5
B05-15,B05-15-D,1.5
B05-16,B05-17,1.2
B05-16,B05-16-I,1.5
B05-16,B05-16-D,1.5
B05-17,B05-18,1.2
B05-17,B05-17-I,1.5
B05-17,B05-17-D,1.5
B05-18,B05-19,1.2
B05-18,B05-18-I,1.5
B05-18,B05-18-D,1.5
B05-19,B05-20,1.2
B05-19,B05-19-I,1.5
B05-19,B05-19-D,1.5
B05-20,B05-21,1.2
B05-20,B05-20-I,1.5
B05-20,B05-20-D,1.5
B05-21,B05-22,1.2
B05-21,B05-21-I,1.5
B05-21,B05-21-D,1.5
B05-22,B05-23,1.2
B05-22,B05-22-I,1.5
B05-22,B05-22-D,1.5
B05-23,B05-24,1.2
B05-23,B05-23-I,1.5
B05-23,B05-23-D,1.5
B05-24,B05-25,1.2
B05-24,B05-24-I,1.5
B05-24,B05-24-D,1.5
B05-25,B05-26,1.2
B05-25,B05-25-I,1.5
B05-25,B05-25-D,1.5
B05-26,B06-26,5.0
B06-00,B06-01,1.2
B06-00,B07-00,5.0
B06-00,DEPOSITO,5.0
B06-01,B06-02,1.2
B06-01,B06-01-I,1.5
B06-01,B06-01-D,1.5
B06-02,B06-03,1.2
B06-02,B06-02-I,1.5
B06-02,B06-02-D,1.5
B06-03,B06-04,1.2
B06-03,B06-03-I,1.5
B06-03,B06-03-D,1.5
B06-04,B06-05,1.2
B06-04,B06-04-I,1.5
B06-04,B06-04-D,1.5
B06-05,B06-06,1.2
B06-05,B06-05-I,1.5
B06-05,B06-05-D,1.5
B06-06,B06-07,1.2
B06-06,B06-06-I,1.5
B06-06,B06-06-D,1.5
B06-07,B06-08,1.2
B06-07,B06-07-I,1.5
B06-07,B06-07-D,1.5
B06-08,B06-09,1.2
B06-08,B06-08-I,1.5
B06-08,B06-08-D,1.5
B06-09,B06-10,1.2
B06-09,B06-09-I,1.5
B06-09,B06-09-D,1.5
B06-10,B06-11,1.2
B06-10,B06-10-I,1.5
B06-10,B06-10-D,1.5
B06-11,B06-12,1.2
B06-11,B06-11-I,1.5
B06-11,B06-11-D,1.5
B06-12,B06-13,1.2
B06-12,B06-12-I,1.5
B06-12,B06-12-D,1.5
B06-13,B06-14,1.2
B06-13,B06-13-I,1.5
B06-13,B06-13-D,1.5
B06-14,B06-15,1.2
B06-14,B06-14-I,1.5
B06-14,B06-14-D,1.5
B06-15,B06-16,1.2
B06-15,B06-15-I,1.5
B06-15,B06-15-D,1.5
B06-16,B06-17,1.2
B06-16,B06-16-I,1.5
B06-16,B06-16-D,1.5
B06-17,B06-18,1.2
B06-17,B06-17-I,1.5
B06-17,B06-17-D,1.5
B06-18,B06-19,1.2
B06-18,B06-18-I,1.5
B06-18,B06-18-D,1.5
B06-19,B06-20,1.2
B06-19,B06-19-I,1.5
B06-19,B06-19-D,1.5
B06-20,B06-21,1.2
B06-20,B06-20-I,1.5
B06-20,B06-20-D,1.5
B06-21,B06-22,1.2
B06-21,B06-21-I,1.5
B06-21,B06-21-D,1.5
B06-22,B06-23,1.2
B06-22,B06-22-I,1.5
B06-22,B06-22-D,1.5
B06-23,B06-24,1.2
B06-23,B06-23-I,1.5
B06-23,B06-23-D,1.5
B06-24,B06-25,1.2
B06-24,B06-24-I,1.5
B06-24,B06-24-D,1.5
B06-25,B06-26,1.2
B06-25,B06-25-I,1.5
B06-25,B06-25-D,1.5
B06-26,B07-26,5.0
B07-00,B07-01,1.2
B07-00,B08-00,5.0
B07-01,B07-02,1.2
B07-01,B07-01-I,1.5
B07-01,B07-01-D,1.5
B07-02,B07-03,1.2
B07-02,B07-02-I,1.5
B07-02,B07-02-D,1.5
B07-03,B07-04,1.2
B07-03,B07-03-I,1.5
B07-03,B07-03-D,1.5
B07-04,B07-05,1.2
B07-04,B07-04-I,1.5
B07-04,B07-04-D,1.5
B07-05,B07-06,1.2
B07-05,B07-05-I,1.5
B07-05,B07-05-D,1.5
B07-06,B07-07,1.2
B07-06,B07-06-I,1.5
B07-06,B07-06-D,1.5
B07-07,B07-08,1.2
B07-07,B07-07-I,1.5
B07-07,B07-07-D,1.5
B07-08,B07-09,1.2
B07-08,B07-08-I,1.5
B07-08,B07-08-D,1.5
B07-09,B07-10,1.2
B07-09,B07-09-I,1.5
B07-09,B07-09-D,1.5
B07-10,B07-11,1.2
B07-10,B07-10-I,1.5
B07-10,B07-10-D,1.5
B07-11,B07-12,1.2
B07-11,B07-11-I,1.5
B07-11,B07-11-D,1.5
B07-12,B07-13,1.2
B07-12,B07-12-I,1.5
B07-12,B07-12-D,1.5
B07-13,B07-14,1.2
B07-13,B07-13-I,1.5
B07-13,B07-13-D,1.5
B07-14,B07-15,1.2
B07-14,B07-14-I,1.5
B07-14,B07-14-D,1.5
B07-15,B07-16,1.2
B07-15,B07-15-I,1.5
B07-15,B07-15-D,1.5
B07-16,B07-17,1.2
B07-16,B07-16-I,1.5
B07-16,B07-16-D,1.5
B07-17,B07-18,1.2
B07-17,B07-17-I,1.5
B07-17,B07-17-D,1.5
B07-18,B07-19,1.2
B07-18,B07-18-I,1.5
B07-18,B07-18-D,1.5
B07-19,B07-20,1.2
B07-19,B07-19-I,1.5
B07-19,B07-19-D,1.5
B07-20,B07-21,1.2
B07-20,B07-20-I,1.5
B07-20,B07-20-D,1.5
B07-21,B07-22,1.2
B07-21,B07-21-I,1.5
B07-21,B07-21-D,1.5
B07-22,B07-23,1.2
B07-22,B07-22-I,1.5
B07-22,B07-22-D,1.5
B07-23,B07-24,1.2
B07-23,B07-23-I,1.5
B07-23,B07-23-D,1.5
B07-24,B07-25,1.2
B07-24,B07-24-I,1.5
B07-24,B07-24-D,1.5
B07-25,B07-26,1.2
B07-25,B07-25-I,1.5
B07-25,B07-25-D,1.5
B07-26,B08-26,5.0
B08-00,B08-01,1.2
B08-00,B09-00,5.0
B08-01,B08-02,1.2
B08-01,B08-01-I,1.5
B08-01,B08-01-D,1.5
B08-02,B08-03,1.2
B08-02,B08-02-I,1.5
B08-02,B08-02-D,1.5
B08-03,B08-04,1.2
B08-03,B08-03-I,1.5
B08-03,B08-03-D,1.5
B08-04,B08-05,1.2
B08-04,B08-04-I,1.5
B08-04,B08-04-D,1.5
B08-05,B08-06,1.2
B08-05,B08-05-I,1.5
B08-05,B08-05-D,1.5
B08-06,B08-07,1.2
B08-06,B08-06-I,1.5
B08-06,B08-06-D,1.5
B08-07,B08-08,1.2
B08-07,B08-07-I,1.5
B08-07,B08-07-D,1.5
B08-08,B08-09,1.2
B08-08,B08-08-I,1.5
B08-08,B08-08-D,1.5
B08-09,B08-10,1.2
B08-09,B08-09-I,1.5
B08-09,B08-09-D,1.5
B08-10,B08-11,1.2
B08-10,B08-10-I,1.5
B08-10,B08-10-D,1.5
B08-11,B08-12,1.2
B08-11,B08-11-I,1.5
B08-11,B08-11-D,1.5
B08-12,B08-13,1.2
B08-12,B08-12-I,1.5
B08-12,B08-12-D,1.5
B08-13,B08-14,1.2
B08-13,B08-13-I,1.5
B08-13,B08-13-D,1.5
B08-14,B08-15,1.2
B08-14,B08-14-I,1.5
B08-14,B08-14-D,1.5
B08-15,B08-16,1.2
B08-15,B08-15-I,1.5
B08-15,B08-15-D,1.5
B08-16,B08-17,1.2
B08-16,B08-16-I,1.5
B08-16,B08-16-D,1.5
B08-17,B08-18,1.2
B08-17,B08-17-I,1.5
B08-17,B08-17-D,1.5
B08-18,B08-19,1.2
B08-18,B08-18-I,1.5
B08-18,B08-18-D,1.5
B08-19,B08-20,1.2
B08-19,B08-19-I,1.5
B08-19,B08-19-D,1.5
B08-20,B08-21,1.2
B08-20,B08-20-I,1.5
B08-20,B08-20-D,1.5
B08-21,B08-22,1.2
B08-21,B08-21-I,1.5
B08-21,B08-21-D,1.5
B08-22,B08-23,1.2
B08-22,B08-22-I,1.5
B08-22,B08-22-D,1.5
B08-23,B08-24,1.2
B08-23,B08-23-I,1.5
B08-23,B08-23-D,1.5
B08-24,B08-25,1.2
B08-24,B08-24-I,1.5
B08-24,B08-24-D,1.5
B08-25,B08-26,1.2
B08-25,B08-25-I,1.5
B08-25,B08-25-D,1.5
B08-26,B09-26,5.0
B09-00,B09-01,1.2
B09-00,B10-00,5.0
B09-01,B09-02,1.2
B09-01,B09-01-I,1.5
B09-01,B09-01-D,1.5
B09-02,B09-03,1.2
B09-02,B09-02-I,1.5
B09-02,B09-02-D,1.5
B09-03,B09-04,1.2
B09-03,B09-03-I,1.5
B09-03,B09-03-D,1.5
B09-04,B09-05,1.2
B09-04,B09-04-I,1.5
B09-04,B09-04-D,1.5
B09-05,B09-06,1.2
B09-05,B09-05-I,1.5
B09-05,B09-05-D,1.5
B09-06,B09-07,1.2
B09-06,B09-06-I,1.5
B09-06,B09-06-D,1.5
B09-07,B09-08,1.2
B09-07,B09-07-I,1.5
B09-07,B09-07-D,1.5
B09-08,B09-09,1.2
B09-08,B09-08-I,1.5
B09-08,B09-08-D,1.5
B09-09,B09-10,1.2
B09-09,B09-09-I,1.5
B09-09,B09-09-D,1.5
B09-10,B09-11,1.2
B09-10,B09-10-I,1.5
B09-10,B09-10-D,1.5
B09-11,B09-12,1.2
B09-11,B09-11-I,1.5
B09-11,B09-11-D,1.5
B09-12,B09-13,1.2
B09-12,B09-12-I,1.5
B09-12,B09-12-D,1.5
B09-13,B09-14,1.2
B09-13,B09-13-I,1.5
B09-13,B09-13-D,1.5
B09-14,B09-15,1.2
B09-14,B09-14-I,1.5
B09-14,B09-14-D,1.5
B09-15,B09-16,1.2
B09-15,B09-15-I,1.5
B09-15,B09-15-D,1.5
B09-16,B09-17,1.2
B09-16,B09-16-I,1.5
B09-16,B09-16-D,1.5
B09-17,B09-18,1.2
B09-17,B09-17-I,1.5
B09-17,B09-17-D,1.5
B09-18,B09-19,1.2
B09-18,B09-18-I,1.5
B09-18,B09-18-D,1.5
B09-19,B09-20,1.2
B09-19,B09-19-I,1.5
B09-19,B09-19-D,1.5
B09-20,B09-21,1.2
B09-20,B09-20-I,1.5
B09-20,B09-20-D,1.5
B09-21,B09-22,1.2
B09-21,B09-21-I,1.5
B09-21,B09-21-D,1.5
B09-22,B09-23,1.2
B09-22,B09-22-I,1.5
B09-22,B09-22-D,1.5
B09-23,B09-24,1.2
B09-23,B09-23-I,1.5
B09-23,B09-23-D,1.5
B09-24,B09-25,1.2
B09-24,B09-24-I,1.5
B09-24,B09-24-D,1.5
B09-25,B09-26,1.2
B09-25,B09-25-I,1.5
B09-25,B09-25-D,1.5
B09-26,B10-26,5.0
B10-00,B10-01,1.2
B10-00,C01-00,5.0
B10-01,B10-02,1.2
B10-01,B10-01-I,1.5
B10-01,B10-01-D,1.5
B10-02,B10-03,1.2
B10-02,B10-02-I,1.5
B10-02,B10-02-D,1.5
B10-03,B10-04,1.2
B10-03,B10-03-I,1.5
B10-03,B10-03-D,1.5
B10-04,B10-05,1.2
B10-04,B10-04-I,1.5
B10-04,B10-04-D,1.5
B10-05,B10-06,1.2
B10-05,B10-05-I,1.5
B10-05,B10-05-D,1.5
B10-06,B10-07,1.2
B10-06,B10-06-I,1.5
B10-06,B10-06-D,1.5
B10-07,B10-08,1.2
B10-07,B10-07-I,1.5
B10-07,B10-07-D,1.5
B10-08,B10-09,1.2
B10-08,B10-08-I,1.5
B10-08,B10-08-D,1.5
B10-09,B10-10,1.2
B10-09,B10-09-I,1.5
B10-09,B10-09-D,1.5
B10-10,B10-11,1.2
B10-10,B10-10-I,1.5
B10-10,B10-10-D,1.5
B10-11,B10-12,1.2
B10-11,B10-11-I,1.5
B10-11,B10-11-D,1.5
B10-12,B10-13,1.2
B10-12,B10-12-I,1.5
B10-12,B10-12-D,1.5
B10-13,B10-14,1.2
B10-13,B10-13-I,1.5
B10-13,B10-13-D,1.5
B10-14,B10-15,1.2
B10-14,B10-14-I,1.5
B10-14,B10-14-D,1.5
B10-15,B10-16,1.2
B10-15,B10-15-I,1.5
B10-15,B10-15-D,1.5
B10-16,B10-17,1.2
B10-16,B10-16-I,1.5
B10-16,B10-16-D,1.5
B10-17,B10-18,1.2
B10-17,B10-17-I,1.5
B10-17,B10-17-D,1.5
B10-18,B10-19,1.2
B10-18,B10-18-I,1.5
B10-18,B10-18-D,1.5
B10-19,B10-20,1.2
B10-19,B10-19-I,1.5
B10-19,B10-19-D,1.5
B10-20,B10-21,1.2
B10-20,B10-20-I,1.5
B10-20,B10-20-D,1.5
B10-21,B10-22,1.2
B10-21,B10-21-I,1.5
B10-21,B10-21-D,1.5
B10-22,B10-23,1.2
B10-22,B10-22-I,1.5
B10-22,B10-22-D,1.5
B10-23,B10-24,1.2
B10-23,B10-23-I,1.5
B10-23,B10-23-D,1.5
B10-24,B10-25,1.2
B10-24,B10-24-I,1.5
B10-24,B10-24-D,1.5
B10-25,B10-26,1.2
B10-25,B10-25-I,1.5
B10-25,B10-25-D,1.5
B10-26,C01-26,5.0
C01-00,C01-01,1.2
C01-00,C02-00,5.0
C01-01,C01-02,1.2
C01-01,C01-01-I,1.5
C01-01,C01-01-D,1.5
C01-02,C01-03,1.2
C01-02,C01-02-I,1.5
C01-02,C01-02-D,1.5
C01-03,C01-04,1.2
C01-03,C01-03-I,1.5
C01-03,C01-03-D,1.5
C01-04,C01-05,1.2
C01-04,C01-04-I,1.5
C01-04,C01-04-D,1.5
C01-05,C01-06,1.2
C01-05,C01-05-I,1.5
C01-05,C01-05-D,1.5
C01-06,C01-07,1.2
C01-06,C01-06-I,1.5
C01-06,C01-06-D,1.5
C01-07,C01-08,1.2
C01-07,C01-07-I,1.5
C01-07,C01-07-D,1.5
C01-08,C01-09,1.2
C01-08,C01-08-I,1.5
C01-08,C01-08-D,1.5
C01-09,C01-10,1.2
C01-09,C01-09-I,1.5
C01-09,C01-09-D,1.5
C01-10,C01-11,1.2
C01-10,C01-10-I,1.5
C01-10,C01-10-D,1.5
C01-11,C01-12,1.2
C01-11,C01-11-I,1.5
C01-11,C01-11-D,1.5
C01-12,C01-13,1.2
C01-12,C01-12-I,1.5
C01-12,C01-12-D,1.5
C01-13,C01-14,1.2
C01-13,C01-13-I,1.5
C01-13,C01-13-D,1.5
C01-14,C01-15,1.2
C01-14,C01-14-I,1.5
C01-14,C01-14-D,1.5
C01-15,C01-16,1.2
C01-15,C01-15-I,1.5
C01-15,C01-15-D,1.5
C01-16,C01-17,1.2
C01-16,C01-16-I,1.5
C01-16,C01-16-D,1.5
C01-17,C01-18,1.2
C01-17,C01-17-I,1.5
C01-17,C01-17-D,1.5
C01-18,C01-19,1.2
C01-18,C01-18-I,1.5
C01-18,C01-18-D,1.5
C01-19,C01-20,1.2
C01-19,C01-19-I,1.5
C01-19,C01-19-D,1.5
C01-20,C01-21,1.2
C01-20,C01-20-I,1.5
C01-20,C01-20-D,1.5
C01-21,C01-22,1.2
C01-21,C01-21-I,1.5
C01-21,C01-21-D,1.5
C01-22,C01-23,1.2
C01-22,C01-22-I,1.5
C01-22,C01-22-D,1.5
C01-23,C01-24,1.2
C01-23,C01-23-I,1.5
C01-23,C01-23-D,1.5
C01-24,C01-25,1.2
C01-24,C01-24-I,1.5
C01-24,C01-24-D,1.5
C01-25,C01-26,1.2
C01-25,C01-25-I,1.5
C01-25,C01-25-D,1.5
C01-26,C02-26,5.0
C02-00,C02-01,1.2
C02-00,C03-00,5.0
C02-01,C02-02,1.2
C02-01,C02-01-I,1.5
C02-01,C02-01-D,1.5
C02-02,C02-03,1.2
C02-02,C02-02-I,1.5
C02-02,C02-02-D,1.5
C02-03,C02-04,1.2
C02-03,C02-03-I,1.5
C02-03,C02-03-D,1.5
C02-04,C02-05,1.2
C02-04,C02-04-I,1.5
C02-04,C02-04-D,1.5
C02-05,C02-06,1.2
C02-05,C02-05-I,1.5
C02-05,C02-05-D,1.5
C02-06,C02-07,1.2
C02-06,C02-06-I,1.5
C02-06,C02-06-D,1.5
C02-07,C02-08,1.2
C02-07,C02-07-I,1.5
C02-07,C02-07-D,1.5
C02-08,C02-09,1.2
C02-08,C02-08-I,1.5
C02-08,C02-08-D,1.5
C02-09,C02-10,1.2
C02-09,C02-09-I,1.5
C02-09,C02-09-D,1.5
C02-10,C02-11,1.2
C02-10,C02-10-I,1.5
C02-10,C02-10-D,1.5
C02-11,C02-12,1.2
C02-11,C02-11-I,1.5
C02-11,C02-11-D,1.5
C02-12,C02-13,1.2
C02-12,C02-12-I,1.5
C02-12,C02-12-D,1.5
C02-13,C02-14,1.2
C02-13,C02-13-I,1.5
C02-13,C02-13-D,1.5
C02-14,C02-15,1.2
C02-14,C02-14-I,1.5
C02-14,C02-14-D,1.5
C02-15,C02-16,1.2
C02-15,C02-15-I,1.5
C02-15,C02-15-D,1.5
C02-16,C02-17,1.2
C02-16,C02-16-I,1.5
C02-16,C02-16-D,1.5
C02-17,C02-18,1.2
C02-17,C02-17-I,1.5
C02-17,C02-17-D,1.5
C02-18,C02-19,1.2
C02-18,C02-18-I,1.5
C02-18,C02-18-D,1.5
C02-19,C02-20,1.2
C02-19,C02-19-I,1.5
C02-19,C02-19-D,1.5
C02-20,C02-21,1.2
C02-20,C02-20-I,1.5
C02-20,C02-20-D,1.5
C02-21,C02-22,1.2
C02-21,C02-21-I,1.5
C02-21,C02-21-D,1.5
C02-22,C02-23,1.2
C02-22,C02-22-I,1.5
C02-22,C02-22-D,1.5
C02-23,C02-24,1.2
C02-23,C02-23-I,1.5
C02-23,C02-23-D,1.5
C02-24,C02-25,1.2
C02-24,C02-24-I,1.5
C02-24,C02-24-D,1.5
C02-25,C02-26,1.2
C02-25,C02-25-I,1.5
C02-25,C02-25-D,1.5
C02-26,C03-26,5.0
C03-00,C03-01,1.2
C03-00,C04-00,5.0
C03-01,C03-02,1.2
C03-01,C03-01-I,1.5
C03-01,C03-01-D,1.5
C03-02,C03-03,1.2
C03-02,C03-02-I,1.5
C03-02,C03-02-D,1.5
C03-03,C03-04,1.2
C03-03,C03-03-I,1.5
C03-03,C03-03-D,1.5
C03-04,C03-05,1.2
C03-04,C03-04-I,1.5
C03-04,C03-04-D,1.5
C03-05,C03-06,1.2
C03-05,C03-05-I,1.5
C03-05,C03-05-D,1.5
C03-06,C03-07,1.2
C03-06,C03-06-I,1.5
C03-06,C03-06-D,1.5
C03-07,C03-08,1.2
C03-07,C03-07-I,1.5
C03-07,C03-07-D,1.5
C03-08,C03-09,1.2
C03-08,C03-08-I,1.5
C03-08,C03-08-D,1.5
C03-09,C03-10,1.2
C03-09,C03-09-I,1.5
C03-09,C03-09-D,1.5
C03-10,C03-11,1.2
C03-10,C03-10-I,1.5
C03-10,C03-10-D,1.5
C03-11,C03-12,1.2
C03-11,C03-11-I,1.5
C03-11,C03-11-D,1.5
C03-12,C03-13,1.2
C03-12,C03-12-I,1.5
C03-12,C03-12-D,1.5
C03-13,C03-14,1.2
C03-13,C03-13-I,1.5
C03-13,C03-13-D,1.5
C03-14,C03-15,1.2
C03-14,C03-14-I,1.5
C03-14,C03-14-D,1.5
C03-15,C03-16,1.2
C03-15,C03-15-I,1.5
C03-15,C03-15-D,1.5
C03-16,C03-17,1.2
C03-16,C03-16-I,1.5
C03-16,C03-16-D,1.5
C03-17,C03-18,1.2
C03-17,C03-17-I,1.5
C03-17,C03-17-D,1.5
C03-18,C03-19,1.2
C03-18,C03-18-I,1.5
C03-18,C03-18-D,1.5
C03-19,C03-20,1.2
C03-19,C03-19-I,1.5
C03-19,C03-19-D,1.5
C03-20,C03-21,1.2
C03-20,C03-20-I,1.5
C03-20,C03-20-D,1.5
C03-21,C03-22,1.2
C03-21,C03-21-I,1.5
C03-21,C03-21-D,1.5
C03-22,C03-23,1.2
C03-22,C03-22-I,1.5
C03-22,C03-22-D,1.5
C03-23,C03-24,1.2
C03-23,C03-23-I,1.5
C03-23,C03-23-D,1.5
C03-24,C03-25,1.2
C03-24,C03-24-I,1.5
C03-24,C03-24-D,1.5
C03-25,C03-26,1.2
C03-25,C03-25-I,1.5
C03-25,C03-25-D,1.5
C03-26,C04-26,5.0
C04-00,C04-01,1.2
C04-00,C05-00,5.0
C04-01,C04-02,1.2
C04-01,C04-01-I,1.5
C04-01,C04-01-D,1.5
C04-02,C04-03,1.2
C04-02,C04-02-I,1.5
C04-02,C04-02-D,1.5
C04-03,C04-04,1.2
C04-03,C04-03-I,1.5
C04-03,C04-03-D,1.5
C04-04,C04-05,1.2
C04-04,C04-04-I,1.5
C04-04,C04-04-D,1.5
C04-05,C04-06,1.2
C04-05,C04-05-I,1.5
C04-05,C04-05-D,1.5
C04-06,C04-07,1.2
C04-06,C04-06-I,1.5
C04-06,C04-06-D,1.5
C04-07,C04-08,1.2
C04-07,C04-07-I,1.5
C04-07,C04-07-D,1.5
C04-08,C04-09,1.2
C04-08,C04-08-I,1.5
C04-08,C04-08-D,1.5
C04-09,C04-10,1.2
C04-09,C04-09-I,1.5
C04-09,C04-09-D,1.5
C04-10,C04-11,1.2
C04-10,C04-10-I,1.5
C04-10,C04-10-D,1.5
C04-11,C04-12,1.2
C04-11,C04-11-I,1.5
C04-11,C04-11-D,1.5
C04-12,C04-13,1.2
C04-12,C04-12-I,1.5
C04-12,C04-12-D,1.5
C04-13,C04-14,1.2
C04-13,C04-13-I,1.5
C04-13,C04-13-D,1.5
C04-14,C04-15,1.2
C04-14,C04-14-I,1.5
C04-14,C04-14-D,1.5
C04-15,C04-16,1.2
C04-15,C04-15-I,1.5
C04-15,C04-15-D,1.5
C04-16,C04-17,1.2
C04-16,C04-16-I,1.5
C04-16,C04-16-D,1.5
C04-17,C04-18,1.2
C04-17,C04-17-I,1.5
C04-17,C04-17-D,1.5
C04-18,C04-19,1.2
C04-18,C04-18-I,1.5
C04-18,C04-18-D,1.5
C04-19,C04-20,1.2
C04-19,C04-19-I,1.5
C04-19,C04-19-D,1.5
C04-20,C04-21,1.2
C04-20,C04-20-I,1.5
C04-20,C04-20-D,1.5
C04-21,C04-22,1.2
C04-21,C04-21-I,1.5
C04-21,C04-21-D,1.5
C04-22,C04-23,1.2
C04-22,C04-22-I,1.5
C04-22,C04-22-D,1.5
C04-23,C04-24,1.2
C04-23,C04-23-I,1.5
C04-23,C04-23-D,1.5
C04-24,C04-25,1.2
C04-24,C04-24-I,1.5
C04-24,C04-24-D,1.5
C04-25,C04-26,1.2
C04-25,C04-25-I,1.5
C04-25,C04-25-D,1.5
C04-26,C05-26,5.0
C05-00,C05-01,1.2
C05-00,C06-00,5.0
C05-01,C05-02,1.2
C05-01,C05-01-I,1.5
C05-01,C05-01-D,1.5
C05-02,C05-03,1.2
C05-02,C05-02-I,1.5
C05-02,C05-02-D,1.5
C05-03,C05-04,1.2
C05-03,C05-03-I,1.5
C05-03,C05-03-D,1.5
C05-04,C05-05,1.2
C05-04,C05-04-I,1.5
C05-04,C05-04-D,1.5
C05-05,C05-06,1.2
C05-05,C05-05-I,1.5
C05-05,C05-05-D,1.5
C05-06,C05-07,1.2
C05-06,C05-06-I,1.5
C05-06,C05-06-D,1.5
C05-07,C05-08,1.2
C05-07,C05-07-I,1.5
C05-07,C05-07-D,1.5
C05-08,C05-09,1.2
C05-08,C05-08-I,1.5
C05-08,C05-08-D,1.5
C05-09,C05-10,1.2
C05-09,C05-09-I,1.5
C05-09,C05-09-D,1.5
C05-10,C05-11,1.2
C05-10,C05-10-I,1.5
C05-10,C05-10-D,1.5
C05-11,C05-12,1.2
C05-11,C05-11-I,1.5
C05-11,C05-11-D,1.5
C05-12,C05-13,1.2
C05-12,C05-12-I,1.5
C05-12,C05-12-D,1.5
C05-13,C05-14,1.2
C05-13,C05-13-I,1.5
C05-13,C05-13-D,1.5
C05-14,C05-15,1.2
C05-14,C05-14-I,1.5
C05-14,C05-14-D,1.5
C05-15,C05-16,1.2
C05-15,C05-15-I,1.5
C05-15,C05-15-D,1.5
C05-16,C05-17,1.2
C05-16,C05-16-I,1.5
C05-16,C05-16-D,1.5
C05-17,C05-18,1.2
C05-17,C05-17-I,1.5
C05-17,C05-17-D,1.5
C05-18,C05-19,1.2
C05-18,C05-18-I,1.5
C05-18,C05-18-D,1.5
C05-19,C05-20,1.2
C05-19,C05-19-I,1.5
C05-19,C05-19-D,1.5
C05-20,C05-21,1.2
C05-20,C05-20-I,1.5
C05-20,C05-20-D,1.5
C05-21,C05-22,1.2
C05-21,C05-21-I,1.5
C05-21,C05-21-D,1.5
C05-22,C05-23,1.2
C05-22,C05-22-I,1.5
C05-22,C05-22-D,1.5
C05-23,C05-24,1.2
C05-23,C05-23-I,1.5
C05-23,C05-23-D,1.5
C05-24,C05-25,1.2
C05-24,C05-24-I,1.5
C05-24,C05-24-D,1.5
C05-25,C05-26,1.2
C05-25,C05-25-I,1.5
C05-25,C05-25-D,1.5
C05-26,C06-26,5.0
C06-00,C06-01,1.2
C06-00,C07-00,5.0
C06-01,C06-02,1.2
C06-01,C06-01-I,1.5
C06-01,C06-01-D,1.5
C06-02,C06-03,1.2
C06-02,C06-02-I,1.5
C06-02,C06-02-D,1.5
C06-03,C06-04,1.2
C06-03,C06-03-I,1.5
C06-03,C06-03-D,1.5
C06-04,C06-05,1.2
C06-04,C06-04-I,1.5
C06-04,C06-04-D,1.5
C06-05,C06-06,1.2
C06-05,C06-05-I,1.5
C06-05,C06-05-D,1.5
C06-06,C06-07,1.2
C06-06,C06-06-I,1.5
C06-06,C06-06-D,1.5
C06-07,C06-08,1.2
C06-07,C06-07-I,1.5
C06-07,C06-07-D,1.5
C06-08,C06-09,1.2
C06-08,C06-08-I,1.5
C06-08,C06-08-D,1.5
C06-09,C06-10,1.2
C06-09,C06-09-I,1.5
C06-09,C06-09-D,1.5
C06-10,C06-11,1.2
C06-10,C06-10-I,1.5
C06-10,C06-10-D,1.5
C06-11,C06-12,1.2
C06-11,C06-11-I,1.5
C06-11,C06-11-D,1.5
C06-12,C06-13,1.2
C06-12,C06-12-I,1.5
C06-12,C06-12-D,1.5
C06-13,C06-14,1.2
C06-13,C06-13-I,1.5
C06-13,C06-13-D,1.5
C06-14,C06-15,1.2
C06-14,C06-14-I,1.5
C06-14,C06-14-D,1.5
C06-15,C06-16,1.2
C06-15,C06-15-I,1.5
C06-15,C06-15-D,1.5
C06-16,C06-17,1.2
C06-16,C06-16-I,1.5
C06-16,C06-16-D,1.5
C06-17,C06-18,1.2
C06-17,C06-17-I,1.5
C06-17,C06-17-D,1.5
C06-18,C06-19,1.2
C06-18,C06-18-I,1.5
C06-18,C06-18-D,1.5
C06-19,C06-20,1.2
C06-19,C06-19-I,1.5
C06-19,C06-19-D,1.5
C06-20,C06-21,1.2
C06-20,C06-20-I,1.5
C06-20,C06-20-D,1.5
C06-21,C06-22,1.2
C06-21,C06-21-I,1.5
C06-21,C06-21-D,1.5
C06-22,C06-23,1.2
C06-22,C06-22-I,1.5
C06-22,C06-22-D,1.5
C06-23,C06-24,1.2
C06-23,C06-23-I,1.5
C06-23,C06-23-D,1.5
C06-24,C06-25,1.2
C06-24,C06-24-I,1.5
C06-24,C06-24-D,1.5
C06-25,C06-26,1.2
C06-25,C06-25-I,1.5
C06-25,C06-25-D,1.5
C06-26,C07-26,5.0
C07-00,C07-01,1.2
C07-00,C08-00,5.0
C07-01,C07-02,1.2
C07-01,C07-01-I,1.5
C07-01,C07-01-D,1.5
C07-02,C07-03,1.2
C07-02,C07-02-I,1.5
C07-02,C07-02-D,1.5
C07-03,C07-04,1.2
C07-03,C07-03-I,1.5
C07-03,C07-03-D,1.5
C07-04,C07-05,1.2
C07-04,C07-04-I,1.5
C07-04,C07-04-D,1.5
C07-05,C07-06,1.2
C07-05,C07-05-I,1.5
C07-05,C07-05-D,1.5
C07-06,C07-07,1.2
C07-06,C07-06-I,1.5
C07-06,C07-06-D,1.5
C07-07,C07-08,1.2
C07-07,C07-07-I,1.5
C07-07,C07-07-D,1.5
C07-08,C07-09,1.2
C07-08,C07-08-I,1.5
C07-08,C07-08-D,1.5
C07-09,C07-10,1.2
C07-09,C07-09-I,1.5
C07-09,C07-09-D,1.5
C07-10,C07-11,1.2
C07-10,C07-10-I,1.5
C07-10,C07-10-D,1.5
C07-11,C07-12,1.2
C07-11,C07-11-I,1.5
C07-11,C07-11-D,1.5
C07-12,C07-13,1.2
C07-12,C07-12-I,1.5
C07-12,C07-12-D,1.5
C07-13,C07-14,1.2
C07-13,C07-13-I,1.5
C07-13,C07-13-D,1.5
C07-14,C07-15,1.2
C07-14,C07-14-I,1.5
C07-14,C07-14-D,1.5
C07-15,C07-16,1.2
C07-15,C07-15-I,1.5
C07-15,C07-15-D,1.5
C07-16,C07-17,1.2
C07-16,C07-16-I,1.5
C07-16,C07-16-D,1.5
C07-17,C07-18,1.2
C07-17,C07-17-I,1.5
C07-17,C07-17-D,1.5
C07-18,C07-19,1.2
C07-18,C07-18-I,1.5
C07-18,C07-18-D,1.5
C07-19,C07-20,1.2
C07-19,C07-19-I,1.5
C07-19,C07-19-D,1.5
C07-20,C07-21,1.2
C07-20,C07-20-I,1.5
C07-20,C07-20-D,1.5
C07-21,C07-22,1.2
C07-21,C07-21-I,1.5
C07-21,C07-21-D,1.5
C07-22,C07-23,1.2
C07-22,C07-22-I,1.5
C07-22,C07-22-D,1.5
C07-23,C07-24,1.2
C07-23,C07-23-I,1.5
C07-23,C07-23-D,1.5
C07-24,C07-25,1.2
C07-24,C07-24-I,1.5
C07-24,C07-24-D,1.5
C07-25,C07-26,1.2
C07-25,C07-25-I,1.5
C07-25,C07-25-D,1.5
C07-26,C08-26,5.0
C08-00,C08-01,1.2
C08-00,C09-00,5.0
C08-01,C08-02,1.2
C08-01,C08-01-I,1.5
C08-01,C08-01-D,1.5
C08-02,C08-03,1.2
C08-02,C08-02-I,1.5
C08-02,C08-02-D,1.5
C08-03,C08-04,1.2
C08-03,C08-03-I,1.5
C08-03,C08-03-D,1.5
C08-04,C08-05,1.2
C08-04,C08-04-I,1.5
C08-04,C08-04-D,1.5
C08-05,C08-06,1.2
C08-05,C08-05-I,1.5
C08-05,C08-05-D,1.5
C08-06,C08-07,1.2
C08-06,C08-06-I,1.5
C08-06,C08-06-D,1.5
C08-07,C08-08,1.2
C08-07,C08-07-I,1.5
C08-07,C08-07-D,1.5
C08-08,C08-09,1.2
C08-08,C08-08-I,1.5
C08-08,C08-08-D,1.5
C08-09,C08-10,1.2
C08-09,C08-09-I,1.5
C08-09,C08-09-D,1.5
C08-10,C08-11,1.2
C08-10,C08-10-I,1.5
C08-10,C08-10-D,1.5
C08-11,C08-12,1.2
C08-11,C08-11-I,1.5
C08-11,C08-11-D,1.5
C08-12,C08-13,1.2
C08-12,C08-12-I,1.5
C08-12,C08-12-D,1.5
C08-13,C08-14,1.2
C08-13,C08-13-I,1.5
C08-13,C08-13-D,1.5
C08-14,C08-15,1.2
C08-14,C08-14-I,1.5
C08-14,C08-14-D,1.5
C08-15,C08-16,1.2
C08-15,C08-15-I,1.5
C08-15,C08-15-D,1.5
C08-16,C08-17,1.2
C08-16,C08-16-I,1.5
C08-16,C08-16-D,1.5
C08-17,C08-18,1.2
C08-17,C08-17-I,1.5
C08-17,C08-17-D,1.5
C08-18,C08-19,1.2
C08-18,C08-18-I,1.5
C08-18,C08-18-D,1.5
C08-19,C08-20,1.2
C08-19,C08-19-I,1.5
C08-19,C08-19-D,1.5
C08-20,C08-21,1.2
C08-20,C08-20-I,1.5
C08-20,C08-20-D,1.5
C08-21,C08-22,1.2
C08-21,C08-21-I,1.5
C08-21,C08-21-D,1.5
C08-22,C08-23,1.2
C08-22,C08-22-I,1.5
C08-22,C08-22-D,1.5
C08-23,C08-24,1.2
C08-23,C08-23-I,1.5
C08-23,C08-23-D,1.5
C08-24,C08-25,1.2
C08-24,C08-24-I,1.5
C08-24,C08-24-D,1.5
C08-25,C08-26,1.2
C08-25,C08-25-I,1.5
C08-25,C08-25-D,1.5
C08-26,C09-26,5.0
C09-00,C09-01,1.2
C09-00,C10-00,5.0
C09-01,C09-02,1.2
C09-01,C09-01-I,1.5
C09-01,C09-01-D,1.5
C09-02,C09-03,1.2
C09-02,C09-02-I,1.5
C09-02,C09-02-D,1.5
C09-03,C09-04,1.2
C09-03,C09-03-I,1.5
C09-03,C09-03-D,1.5
C09-04,C09-05,1.2
C09-04,C09-04-I,1.5
C09-04,C09-04-D,1.5
C09-05,C09-06,1.2
C09-05,C09-05-I,1.5
C09-05,C09-05-D,1.5
C09-06,C09-07,1.2
C09-06,C09-06-I,1.5
C09-06,C09-06-D,1.5
C09-07,C09-08,1.2
C09-07,C09-07-I,1.5
C09-07,C09-07-D,1.5
C09-08,C09-09,1.2
C09-08,C09-08-I,1.5
C09-08,C09-08-D,1.5
C09-09,C09-10,1.2
C09-09,C09-09-I,1.5
C09-09,C09-09-D,1.5
C09-10,C09-11,1.2
C09-10,C09-10-I,1.5
C09-10,C09-10-D,1.5
C09-11,C09-12,1.2
C09-11,C09-11-I,1.5
C09-11,C09-11-D,1.5
C09-12,C09-13,1.2
C09-12,C09-12-I,1.5
C09-12,C09-12-D,1.5
C09-13,C09-14,1.2
C09-13,C09-13-I,1.5
C09-13,C09-13-D,1.5
C09-14,C09-15,1.2
C09-14,C09-14-I,1.5
C09-14,C09-14-D,1.5
C09-15,C09-16,1.2
C09-15,C09-15-I,1.5
C09-15,C09-15-D,1.5
C09-16,C09-17,1.2
C09-16,C09-16-I,1.5
C09-16,C09-16-D,1.5
C09-17,C09-18,1.2
C09-17,C09-17-I,1.5
C09-17,C09-17-D,1.5
C09-18,C09-19,1.2
C09-18,C09-18-I,1.5
C09-18,C09-18-D,1.5
C09-19,C09-20,1.2
C09-19,C09-19-I,1.5
C09-19,C09-19-D,1.5
C09-20,C09-21,1.2
C09-20,C09-20-I,1.5
C09-20,C09-20-D,1.5
C09-21,C09-22,1.2
C09-21,C09-21-I,1.5
C09-21,C09-21-D,1.5
C09-22,C09-23,1.2
C09-22,C09-22-I,1.5
C09-22,C09-22-D,1.5
C09-23,C09-24,1.2
C09-23,C09-23-I,1.5
C09-23,C09-23-D,1.5
C09-24,C09-25,1.2
C09-24,C09-24-I,1.5
C09-24,C09-24-D,1.5
C09-25,C09-26,1.2
C09-25,C09-25-I,1.5
C09-25,C09-25-D,1.5
C09-26,C10-26,5.0
C10-00,C10-01,1.2
C10-01,C10-02,1.2
C10-01,C10-01-I,1.5
C10-01,C10-01-D,1.5
C10-02,C10-03,1.2
C10-02,C10-02-I,1.5
C10-02,C10-02-D,1.5
C10-03,C10-04,1.2
C10-03,C10-03-I,1.5
C10-03,C10-03-D,1.5
C10-04,C10-05,1.2
C10-04,C10-04-I,1.5
C10-04,C10-04-D,1.5
C10-05,C10-06,1.2
C10-05,C10-05-I,1.5
C10-05,C10-05-D,1.5
C10-06,C10-07,1.2
C10-06,C10-06-I,1.5
C10-06,C10-06-D,1.5
C10-07,C10-08,1.2
C10-07,C10-07-I,1.5
C10-07,C10-07-D,1.5
C10-08,C10-09,1.2
C10-08,C10-08-I,1.5
C10-08,C10-08-D,1.5
C10-09,C10-10,1.2
C10-09,C10-09-I,1.5
C10-09,C10-09-D,1.5
C10-10,C10-11,1.2
C10-10,C10-10-I,1.5
C10-10,C10-10-D,1.5
C10-11,C10-12,1.2
C10-11,C10-11-I,1.5
C10-11,C10-11-D,1.5
C10-12,C10-13,1.2
C10-12,C10-12-I,1.5
C10-12,C10-12-D,1.5
C10-13,C10-14,1.2
C10-13,C10-13-I,1.5
C10-13,C10-13-D,1.5
C10-14,C10-15,1.2
C10-14,C10-14-I,1.5
C10-14,C10-14-D,1.5
C10-15,C10-16,1.2
C10-15,C10-15-I,1.5
C10-15,C10-15-D,1.5
C10-16,C10-17,1.2
C10-16,C10-16-I,1.5
C10-16,C10-16-D,1.5
C10-17,C10-18,1.2
C10-17,C10-17-I,1.5
C10-17,C10-17-D,1.5
C10-18,C10-19,1.2
C10-18,C10-18-I,1.5
C10-18,C10-18-D,1.5
C10-19,C10-20,1.2
C10-19,C10-19-I,1.5
C10-19,C10-19-D,1.5
C10-20,C10-21,1.2
C10-20,C10-20-I,1.5
C10-20,C10-20-D,1.5
C10-21,C10-22,1.2
C10-21,C10-21-I,1.5
C10-21,C10-21-D,1.5
C10-22,C10-23,1.2
C10-22,C10-22-I,1.5
C10-22,C10-22-D,1.5
C10-23,C10-24,1.2
C10-23,C10-23-I,1.5
C10-23,C10-23-D,1.5
C10-24,C10-25,1.2
C10-24,C10-24-I,1.5
C10-24,C10-24-D,1.5
C10-25,C10-26,1.2
C10-25,C10-25-I,1.5
C10-25,C10-25-D,1.5
